file_id,F0_med,F0_p5,F0_p95,F1_med,F2_med,F3_med,F4_med,F2_over_F1,F3_over_F2,F4_over_F3,f0_mean_hz,f0_sd_hz,f0_min_hz,f0_max_hz,f0_p5_hz,f0_p95_hz,range_semitones,range_st_5_95,slope_st_per_sec,f0_sd_st,voiced_frac,hnr_mean_db,hnr_median_db,hnr_voiced_fraction,breathiness_index
female_sample (1),201.15732,152.1504925,359.45874749999996,488.88203,1553.114165,2723.89717,4025.185295,3.1768689984371075,1.7538293265131608,1.4777302679895217,236.60914065305445,86.11434772625081,88.59051160128134,595.3970494253145,151.1669963586595,411.321864675609,32.98353574038137,17.329494801977354,-0.3950265077021532,5.662502999460533,0.6168658698539177,11.221553449128342,11.12990660932143,0.5746516257465163,-11.221553449128342
