file_id,F0_med,F0_p5,F0_p95,F1_med,F2_med,F3_med,F4_med,F2_over_F1,F3_over_F2,F4_over_F3,f0_mean_hz,f0_sd_hz,f0_min_hz,f0_max_hz,f0_p5_hz,f0_p95_hz,range_semitones,range_st_5_95,slope_st_per_sec,f0_sd_st,voiced_frac,hnr_mean_db,hnr_median_db,hnr_voiced_fraction,breathiness_index
female_sample (15),212.840035,183.1540195,267.4259715,497.891875,1899.3524400000001,2804.40916,3849.7407350000003,3.814788984054018,1.4765080460791153,1.3727457426362137,222.147209100639,39.05017441010783,107.15739225554245,562.8503303987677,181.33768742093812,277.2472591946796,28.716239557873514,7.349932879962596,0.025293539059972607,2.6081975489927456,0.4919454770755886,13.224152365902057,14.459777010364657,0.4439628482972136,-13.224152365902057
