file_id,F0_med,F0_p5,F0_p95,F1_med,F2_med,F3_med,F4_med,F2_over_F1,F3_over_F2,F4_over_F3,f0_mean_hz,f0_sd_hz,f0_min_hz,f0_max_hz,f0_p5_hz,f0_p95_hz,range_semitones,range_st_5_95,slope_st_per_sec,f0_sd_st,voiced_frac,hnr_mean_db,hnr_median_db,hnr_voiced_fraction,breathiness_index
testSample,258.22552,219.768287,302.63120999999995,454.06808,1723.66149,2668.97621,3671.63546,3.796041972384405,1.5484340895728894,1.3756718573373872,270.1129146069774,43.247807363126945,191.46334668557017,421.35603238150253,220.0403435908647,367.6206120563722,13.65565857038462,8.88539517913127,-0.010116261648752563,2.5959806111480535,0.6499448732083792,14.728106205843005,14.896315558076228,0.618732782369146,-14.728106205843005
