file_id,F0_med,F0_p5,F0_p95,F1_med,F2_med,F3_med,F4_med,F2_over_F1,F3_over_F2,F4_over_F3,f0_mean_hz,f0_sd_hz,f0_min_hz,f0_max_hz,f0_p5_hz,f0_p95_hz,range_semitones,range_st_5_95,slope_st_per_sec,f0_sd_st,voiced_frac,hnr_mean_db,hnr_median_db,hnr_voiced_fraction,breathiness_index
male_sample (6),126.26277,101.379289,150.13368000000003,455.77761,1723.87541,2671.63148,3583.62292,3.782273135356518,1.5497822316521122,1.341361241932963,131.2198319897754,20.884759628932144,77.92553149102571,207.7885335663354,100.63383590846131,170.28816536221996,16.97937658836146,9.106352560673802,0.14653001987640368,2.707590303900736,0.5568531038721574,10.827821659531732,10.639022323070758,0.5626535626535627,-10.827821659531732
