file_id,F0_med,F0_p5,F0_p95,F1_med,F2_med,F3_med,F4_med,F2_over_F1,F3_over_F2,F4_over_F3,f0_mean_hz,f0_sd_hz,f0_min_hz,f0_max_hz,f0_p5_hz,f0_p95_hz,range_semitones,range_st_5_95,slope_st_per_sec,f0_sd_st,voiced_frac,hnr_mean_db,hnr_median_db,hnr_voiced_fraction,breathiness_index
male_sample (7),125.63834,109.61194,148.94814,440.80606,1653.17564,2701.34295,3606.11498,3.750346898588463,1.6340326367257627,1.3349341593224953,126.61295376838235,20.144104666167184,89.23429678572197,201.1224540438358,96.52659801780472,163.7346765156616,14.068847320975248,9.14833747750636,0.0653778672332909,2.683146336964448,0.6280101394169835,10.994564808945507,10.81092962254062,0.6193793540215327,-10.994564808945507
