file_id,F0_med,F0_p5,F0_p95,F1_med,F2_med,F3_med,F4_med,F2_over_F1,F3_over_F2,F4_over_F3,f0_mean_hz,f0_sd_hz,f0_min_hz,f0_max_hz,f0_p5_hz,f0_p95_hz,range_semitones,range_st_5_95,slope_st_per_sec,f0_sd_st,voiced_frac,hnr_mean_db,hnr_median_db,hnr_voiced_fraction,breathiness_index
Vocal_Sample,260.0486,232.119632,294.86373399999997,521.00835,1764.36767,2650.12921,3694.26669,3.3864479715152362,1.5020277547933079,1.3939949327980126,271.2961085626632,37.720989147136905,215.6968917820745,414.95426207121994,229.96113795130825,366.40048668160443,11.3273632599426,8.064376136989189,-0.7427167236213167,2.174472763027543,0.3616666666666667,11.020774257970684,12.1390492265397,0.4043261231281198,-11.020774257970684
